,0
0,P1
1,P2
2,P3
3,P4
4,P5
5,P_closed
6,E1
7,E2
8,E3
9,E_closed
10,R1
11,R2
12,R3
13,R_closed
14,S1
15,S2
16,S3
17,S_closed
18,P
19,E
20,R
21,S
22,P1_D
23,P2_D
24,P3_D
25,P4_D
26,P5_D
27,E1_D
28,E2_D
29,E3_D
30,R1_D
31,R2_D
32,R3_D
33,S1_D
34,S2_D
35,S3_D
36,CKF_1111_P
37,CKF_1111_P_w
38,CKF_1111_E
39,CKF_1111_E_w
40,CKF_1111_R
41,CKF_1111_R_w
42,CKF_1111_S
43,CKF_1111_S_w
44,CKF_1112_P
45,CKF_1112_P_w
46,CKF_1112_E
47,CKF_1112_E_w
48,CKF_1112_R
49,CKF_1112_R_w
50,CKF_1112_S
51,CKF_1112_S_w
52,CKF_1113_P
53,CKF_1113_P_w
54,CKF_1113_E
55,CKF_1113_E_w
56,CKF_1113_R
57,CKF_1113_R_w
58,CKF_1113_S
59,CKF_1113_S_w
60,CKF_1121_P
61,CKF_1121_P_w
62,CKF_1121_E
63,CKF_1121_E_w
64,CKF_1121_R
65,CKF_1121_R_w
66,CKF_1121_S
67,CKF_1121_S_w
68,CKF_1122_P
69,CKF_1122_P_w
70,CKF_1122_E
71,CKF_1122_E_w
72,CKF_1122_R
73,CKF_1122_R_w
74,CKF_1122_S
75,CKF_1122_S_w
76,CKF_1123_P
77,CKF_1123_P_w
78,CKF_1123_E
79,CKF_1123_E_w
80,CKF_1123_R
81,CKF_1123_R_w
82,CKF_1123_S
83,CKF_1123_S_w
84,CKF_1131_P
85,CKF_1131_P_w
86,CKF_1131_E
87,CKF_1131_E_w
88,CKF_1131_R
89,CKF_1131_R_w
90,CKF_1131_S
91,CKF_1131_S_w
92,CKF_1132_P
93,CKF_1132_P_w
94,CKF_1132_E
95,CKF_1132_E_w
96,CKF_1132_R
97,CKF_1132_R_w
98,CKF_1132_S
99,CKF_1132_S_w
100,CKF_1133_P
101,CKF_1133_P_w
102,CKF_1133_E
103,CKF_1133_E_w
104,CKF_1133_R
105,CKF_1133_R_w
106,CKF_1133_S
107,CKF_1133_S_w
108,CKF_1211_P
109,CKF_1211_P_w
110,CKF_1211_E
111,CKF_1211_E_w
112,CKF_1211_R
113,CKF_1211_R_w
114,CKF_1211_S
115,CKF_1211_S_w
116,CKF_1212_P
117,CKF_1212_P_w
118,CKF_1212_E
119,CKF_1212_E_w
120,CKF_1212_R
121,CKF_1212_R_w
122,CKF_1212_S
123,CKF_1212_S_w
124,CKF_1213_P
125,CKF_1213_P_w
126,CKF_1213_E
127,CKF_1213_E_w
128,CKF_1213_R
129,CKF_1213_R_w
130,CKF_1213_S
131,CKF_1213_S_w
132,CKF_1221_P
133,CKF_1221_P_w
134,CKF_1221_E
135,CKF_1221_E_w
136,CKF_1221_R
137,CKF_1221_R_w
138,CKF_1221_S
139,CKF_1221_S_w
140,CKF_1222_P
141,CKF_1222_P_w
142,CKF_1222_E
143,CKF_1222_E_w
144,CKF_1222_R
145,CKF_1222_R_w
146,CKF_1222_S
147,CKF_1222_S_w
148,CKF_1223_P
149,CKF_1223_P_w
150,CKF_1223_E
151,CKF_1223_E_w
152,CKF_1223_R
153,CKF_1223_R_w
154,CKF_1223_S
155,CKF_1223_S_w
156,CKF_1231_P
157,CKF_1231_P_w
158,CKF_1231_E
159,CKF_1231_E_w
160,CKF_1231_R
161,CKF_1231_R_w
162,CKF_1231_S
163,CKF_1231_S_w
164,CKF_1232_P
165,CKF_1232_P_w
166,CKF_1232_E
167,CKF_1232_E_w
168,CKF_1232_R
169,CKF_1232_R_w
170,CKF_1232_S
171,CKF_1232_S_w
172,CKF_1233_P
173,CKF_1233_P_w
174,CKF_1233_E
175,CKF_1233_E_w
176,CKF_1233_R
177,CKF_1233_R_w
178,CKF_1233_S
179,CKF_1233_S_w
180,CKF_1311_P
181,CKF_1311_P_w
182,CKF_1311_E
183,CKF_1311_E_w
184,CKF_1311_R
185,CKF_1311_R_w
186,CKF_1311_S
187,CKF_1311_S_w
188,CKF_1312_P
189,CKF_1312_P_w
190,CKF_1312_E
191,CKF_1312_E_w
192,CKF_1312_R
193,CKF_1312_R_w
194,CKF_1312_S
195,CKF_1312_S_w
196,CKF_1313_P
197,CKF_1313_P_w
198,CKF_1313_E
199,CKF_1313_E_w
200,CKF_1313_R
201,CKF_1313_R_w
202,CKF_1313_S
203,CKF_1313_S_w
204,CKF_1321_P
205,CKF_1321_P_w
206,CKF_1321_E
207,CKF_1321_E_w
208,CKF_1321_R
209,CKF_1321_R_w
210,CKF_1321_S
211,CKF_1321_S_w
212,CKF_1322_P
213,CKF_1322_P_w
214,CKF_1322_E
215,CKF_1322_E_w
216,CKF_1322_R
217,CKF_1322_R_w
218,CKF_1322_S
219,CKF_1322_S_w
220,CKF_1323_P
221,CKF_1323_P_w
222,CKF_1323_E
223,CKF_1323_E_w
224,CKF_1323_R
225,CKF_1323_R_w
226,CKF_1323_S
227,CKF_1323_S_w
228,CKF_1331_P
229,CKF_1331_P_w
230,CKF_1331_E
231,CKF_1331_E_w
232,CKF_1331_R
233,CKF_1331_R_w
234,CKF_1331_S
235,CKF_1331_S_w
236,CKF_1332_P
237,CKF_1332_P_w
238,CKF_1332_E
239,CKF_1332_E_w
240,CKF_1332_R
241,CKF_1332_R_w
242,CKF_1332_S
243,CKF_1332_S_w
244,CKF_1333_P
245,CKF_1333_P_w
246,CKF_1333_E
247,CKF_1333_E_w
248,CKF_1333_R
249,CKF_1333_R_w
250,CKF_1333_S
251,CKF_1333_S_w
252,CKF_2111_P
253,CKF_2111_P_w
254,CKF_2111_E
255,CKF_2111_E_w
256,CKF_2111_R
257,CKF_2111_R_w
258,CKF_2111_S
259,CKF_2111_S_w
260,CKF_2112_P
261,CKF_2112_P_w
262,CKF_2112_E
263,CKF_2112_E_w
264,CKF_2112_R
265,CKF_2112_R_w
266,CKF_2112_S
267,CKF_2112_S_w
268,CKF_2113_P
269,CKF_2113_P_w
270,CKF_2113_E
271,CKF_2113_E_w
272,CKF_2113_R
273,CKF_2113_R_w
274,CKF_2113_S
275,CKF_2113_S_w
276,CKF_2121_P
277,CKF_2121_P_w
278,CKF_2121_E
279,CKF_2121_E_w
280,CKF_2121_R
281,CKF_2121_R_w
282,CKF_2121_S
283,CKF_2121_S_w
284,CKF_2122_P
285,CKF_2122_P_w
286,CKF_2122_E
287,CKF_2122_E_w
288,CKF_2122_R
289,CKF_2122_R_w
290,CKF_2122_S
291,CKF_2122_S_w
292,CKF_2123_P
293,CKF_2123_P_w
294,CKF_2123_E
295,CKF_2123_E_w
296,CKF_2123_R
297,CKF_2123_R_w
298,CKF_2123_S
299,CKF_2123_S_w
300,CKF_2131_P
301,CKF_2131_P_w
302,CKF_2131_E
303,CKF_2131_E_w
304,CKF_2131_R
305,CKF_2131_R_w
306,CKF_2131_S
307,CKF_2131_S_w
308,CKF_2132_P
309,CKF_2132_P_w
310,CKF_2132_E
311,CKF_2132_E_w
312,CKF_2132_R
313,CKF_2132_R_w
314,CKF_2132_S
315,CKF_2132_S_w
316,CKF_2133_P
317,CKF_2133_P_w
318,CKF_2133_E
319,CKF_2133_E_w
320,CKF_2133_R
321,CKF_2133_R_w
322,CKF_2133_S
323,CKF_2133_S_w
324,CKF_2211_P
325,CKF_2211_P_w
326,CKF_2211_E
327,CKF_2211_E_w
328,CKF_2211_R
329,CKF_2211_R_w
330,CKF_2211_S
331,CKF_2211_S_w
332,CKF_2212_P
333,CKF_2212_P_w
334,CKF_2212_E
335,CKF_2212_E_w
336,CKF_2212_R
337,CKF_2212_R_w
338,CKF_2212_S
339,CKF_2212_S_w
340,CKF_2213_P
341,CKF_2213_P_w
342,CKF_2213_E
343,CKF_2213_E_w
344,CKF_2213_R
345,CKF_2213_R_w
346,CKF_2213_S
347,CKF_2213_S_w
348,CKF_2221_P
349,CKF_2221_P_w
350,CKF_2221_E
351,CKF_2221_E_w
352,CKF_2221_R
353,CKF_2221_R_w
354,CKF_2221_S
355,CKF_2221_S_w
356,CKF_2222_P
357,CKF_2222_P_w
358,CKF_2222_E
359,CKF_2222_E_w
360,CKF_2222_R
361,CKF_2222_R_w
362,CKF_2222_S
363,CKF_2222_S_w
364,CKF_2223_P
365,CKF_2223_P_w
366,CKF_2223_E
367,CKF_2223_E_w
368,CKF_2223_R
369,CKF_2223_R_w
370,CKF_2223_S
371,CKF_2223_S_w
372,CKF_2231_P
373,CKF_2231_P_w
374,CKF_2231_E
375,CKF_2231_E_w
376,CKF_2231_R
377,CKF_2231_R_w
378,CKF_2231_S
379,CKF_2231_S_w
380,CKF_2232_P
381,CKF_2232_P_w
382,CKF_2232_E
383,CKF_2232_E_w
384,CKF_2232_R
385,CKF_2232_R_w
386,CKF_2232_S
387,CKF_2232_S_w
388,CKF_2233_P
389,CKF_2233_P_w
390,CKF_2233_E
391,CKF_2233_E_w
392,CKF_2233_R
393,CKF_2233_R_w
394,CKF_2233_S
395,CKF_2233_S_w
396,CKF_2311_P
397,CKF_2311_P_w
398,CKF_2311_E
399,CKF_2311_E_w
400,CKF_2311_R
401,CKF_2311_R_w
402,CKF_2311_S
403,CKF_2311_S_w
404,CKF_2312_P
405,CKF_2312_P_w
406,CKF_2312_E
407,CKF_2312_E_w
408,CKF_2312_R
409,CKF_2312_R_w
410,CKF_2312_S
411,CKF_2312_S_w
412,CKF_2313_P
413,CKF_2313_P_w
414,CKF_2313_E
415,CKF_2313_E_w
416,CKF_2313_R
417,CKF_2313_R_w
418,CKF_2313_S
419,CKF_2313_S_w
420,CKF_2321_P
421,CKF_2321_P_w
422,CKF_2321_E
423,CKF_2321_E_w
424,CKF_2321_R
425,CKF_2321_R_w
426,CKF_2321_S
427,CKF_2321_S_w
428,CKF_2322_P
429,CKF_2322_P_w
430,CKF_2322_E
431,CKF_2322_E_w
432,CKF_2322_R
433,CKF_2322_R_w
434,CKF_2322_S
435,CKF_2322_S_w
436,CKF_2323_P
437,CKF_2323_P_w
438,CKF_2323_E
439,CKF_2323_E_w
440,CKF_2323_R
441,CKF_2323_R_w
442,CKF_2323_S
443,CKF_2323_S_w
444,CKF_2331_P
445,CKF_2331_P_w
446,CKF_2331_E
447,CKF_2331_E_w
448,CKF_2331_R
449,CKF_2331_R_w
450,CKF_2331_S
451,CKF_2331_S_w
452,CKF_2332_P
453,CKF_2332_P_w
454,CKF_2332_E
455,CKF_2332_E_w
456,CKF_2332_R
457,CKF_2332_R_w
458,CKF_2332_S
459,CKF_2332_S_w
460,CKF_2333_P
461,CKF_2333_P_w
462,CKF_2333_E
463,CKF_2333_E_w
464,CKF_2333_R
465,CKF_2333_R_w
466,CKF_2333_S
467,CKF_2333_S_w
468,CKF_3111_P
469,CKF_3111_P_w
470,CKF_3111_E
471,CKF_3111_E_w
472,CKF_3111_R
473,CKF_3111_R_w
474,CKF_3111_S
475,CKF_3111_S_w
476,CKF_3112_P
477,CKF_3112_P_w
478,CKF_3112_E
479,CKF_3112_E_w
480,CKF_3112_R
481,CKF_3112_R_w
482,CKF_3112_S
483,CKF_3112_S_w
484,CKF_3113_P
485,CKF_3113_P_w
486,CKF_3113_E
487,CKF_3113_E_w
488,CKF_3113_R
489,CKF_3113_R_w
490,CKF_3113_S
491,CKF_3113_S_w
492,CKF_3121_P
493,CKF_3121_P_w
494,CKF_3121_E
495,CKF_3121_E_w
496,CKF_3121_R
497,CKF_3121_R_w
498,CKF_3121_S
499,CKF_3121_S_w
500,CKF_3122_P
501,CKF_3122_P_w
502,CKF_3122_E
503,CKF_3122_E_w
504,CKF_3122_R
505,CKF_3122_R_w
506,CKF_3122_S
507,CKF_3122_S_w
508,CKF_3123_P
509,CKF_3123_P_w
510,CKF_3123_E
511,CKF_3123_E_w
512,CKF_3123_R
513,CKF_3123_R_w
514,CKF_3123_S
515,CKF_3123_S_w
516,CKF_3131_P
517,CKF_3131_P_w
518,CKF_3131_E
519,CKF_3131_E_w
520,CKF_3131_R
521,CKF_3131_R_w
522,CKF_3131_S
523,CKF_3131_S_w
524,CKF_3132_P
525,CKF_3132_P_w
526,CKF_3132_E
527,CKF_3132_E_w
528,CKF_3132_R
529,CKF_3132_R_w
530,CKF_3132_S
531,CKF_3132_S_w
532,CKF_3133_P
533,CKF_3133_P_w
534,CKF_3133_E
535,CKF_3133_E_w
536,CKF_3133_R
537,CKF_3133_R_w
538,CKF_3133_S
539,CKF_3133_S_w
540,CKF_3211_P
541,CKF_3211_P_w
542,CKF_3211_E
543,CKF_3211_E_w
544,CKF_3211_R
545,CKF_3211_R_w
546,CKF_3211_S
547,CKF_3211_S_w
548,CKF_3212_P
549,CKF_3212_P_w
550,CKF_3212_E
551,CKF_3212_E_w
552,CKF_3212_R
553,CKF_3212_R_w
554,CKF_3212_S
555,CKF_3212_S_w
556,CKF_3213_P
557,CKF_3213_P_w
558,CKF_3213_E
559,CKF_3213_E_w
560,CKF_3213_R
561,CKF_3213_R_w
562,CKF_3213_S
563,CKF_3213_S_w
564,CKF_3221_P
565,CKF_3221_P_w
566,CKF_3221_E
567,CKF_3221_E_w
568,CKF_3221_R
569,CKF_3221_R_w
570,CKF_3221_S
571,CKF_3221_S_w
572,CKF_3222_P
573,CKF_3222_P_w
574,CKF_3222_E
575,CKF_3222_E_w
576,CKF_3222_R
577,CKF_3222_R_w
578,CKF_3222_S
579,CKF_3222_S_w
580,CKF_3223_P
581,CKF_3223_P_w
582,CKF_3223_E
583,CKF_3223_E_w
584,CKF_3223_R
585,CKF_3223_R_w
586,CKF_3223_S
587,CKF_3223_S_w
588,CKF_3231_P
589,CKF_3231_P_w
590,CKF_3231_E
591,CKF_3231_E_w
592,CKF_3231_R
593,CKF_3231_R_w
594,CKF_3231_S
595,CKF_3231_S_w
596,CKF_3232_P
597,CKF_3232_P_w
598,CKF_3232_E
599,CKF_3232_E_w
600,CKF_3232_R
601,CKF_3232_R_w
602,CKF_3232_S
603,CKF_3232_S_w
604,CKF_3233_P
605,CKF_3233_P_w
606,CKF_3233_E
607,CKF_3233_E_w
608,CKF_3233_R
609,CKF_3233_R_w
610,CKF_3233_S
611,CKF_3233_S_w
612,CKF_3311_P
613,CKF_3311_P_w
614,CKF_3311_E
615,CKF_3311_E_w
616,CKF_3311_R
617,CKF_3311_R_w
618,CKF_3311_S
619,CKF_3311_S_w
620,CKF_3312_P
621,CKF_3312_P_w
622,CKF_3312_E
623,CKF_3312_E_w
624,CKF_3312_R
625,CKF_3312_R_w
626,CKF_3312_S
627,CKF_3312_S_w
628,CKF_3313_P
629,CKF_3313_P_w
630,CKF_3313_E
631,CKF_3313_E_w
632,CKF_3313_R
633,CKF_3313_R_w
634,CKF_3313_S
635,CKF_3313_S_w
636,CKF_3321_P
637,CKF_3321_P_w
638,CKF_3321_E
639,CKF_3321_E_w
640,CKF_3321_R
641,CKF_3321_R_w
642,CKF_3321_S
643,CKF_3321_S_w
644,CKF_3322_P
645,CKF_3322_P_w
646,CKF_3322_E
647,CKF_3322_E_w
648,CKF_3322_R
649,CKF_3322_R_w
650,CKF_3322_S
651,CKF_3322_S_w
652,CKF_3323_P
653,CKF_3323_P_w
654,CKF_3323_E
655,CKF_3323_E_w
656,CKF_3323_R
657,CKF_3323_R_w
658,CKF_3323_S
659,CKF_3323_S_w
660,CKF_3331_P
661,CKF_3331_P_w
662,CKF_3331_E
663,CKF_3331_E_w
664,CKF_3331_R
665,CKF_3331_R_w
666,CKF_3331_S
667,CKF_3331_S_w
668,CKF_3332_P
669,CKF_3332_P_w
670,CKF_3332_E
671,CKF_3332_E_w
672,CKF_3332_R
673,CKF_3332_R_w
674,CKF_3332_S
675,CKF_3332_S_w
676,CKF_3333_P
677,CKF_3333_P_w
678,CKF_3333_E
679,CKF_3333_E_w
680,CKF_3333_R
681,CKF_3333_R_w
682,CKF_3333_S
683,CKF_3333_S_w
684,CKF_4111_P
685,CKF_4111_P_w
686,CKF_4111_E
687,CKF_4111_E_w
688,CKF_4111_R
689,CKF_4111_R_w
690,CKF_4111_S
691,CKF_4111_S_w
692,CKF_4112_P
693,CKF_4112_P_w
694,CKF_4112_E
695,CKF_4112_E_w
696,CKF_4112_R
697,CKF_4112_R_w
698,CKF_4112_S
699,CKF_4112_S_w
700,CKF_4113_P
701,CKF_4113_P_w
702,CKF_4113_E
703,CKF_4113_E_w
704,CKF_4113_R
705,CKF_4113_R_w
706,CKF_4113_S
707,CKF_4113_S_w
708,CKF_4121_P
709,CKF_4121_P_w
710,CKF_4121_E
711,CKF_4121_E_w
712,CKF_4121_R
713,CKF_4121_R_w
714,CKF_4121_S
715,CKF_4121_S_w
716,CKF_4122_P
717,CKF_4122_P_w
718,CKF_4122_E
719,CKF_4122_E_w
720,CKF_4122_R
721,CKF_4122_R_w
722,CKF_4122_S
723,CKF_4122_S_w
724,CKF_4123_P
725,CKF_4123_P_w
726,CKF_4123_E
727,CKF_4123_E_w
728,CKF_4123_R
729,CKF_4123_R_w
730,CKF_4123_S
731,CKF_4123_S_w
732,CKF_4131_P
733,CKF_4131_P_w
734,CKF_4131_E
735,CKF_4131_E_w
736,CKF_4131_R
737,CKF_4131_R_w
738,CKF_4131_S
739,CKF_4131_S_w
740,CKF_4132_P
741,CKF_4132_P_w
742,CKF_4132_E
743,CKF_4132_E_w
744,CKF_4132_R
745,CKF_4132_R_w
746,CKF_4132_S
747,CKF_4132_S_w
748,CKF_4133_P
749,CKF_4133_P_w
750,CKF_4133_E
751,CKF_4133_E_w
752,CKF_4133_R
753,CKF_4133_R_w
754,CKF_4133_S
755,CKF_4133_S_w
756,CKF_4211_P
757,CKF_4211_P_w
758,CKF_4211_E
759,CKF_4211_E_w
760,CKF_4211_R
761,CKF_4211_R_w
762,CKF_4211_S
763,CKF_4211_S_w
764,CKF_4212_P
765,CKF_4212_P_w
766,CKF_4212_E
767,CKF_4212_E_w
768,CKF_4212_R
769,CKF_4212_R_w
770,CKF_4212_S
771,CKF_4212_S_w
772,CKF_4213_P
773,CKF_4213_P_w
774,CKF_4213_E
775,CKF_4213_E_w
776,CKF_4213_R
777,CKF_4213_R_w
778,CKF_4213_S
779,CKF_4213_S_w
780,CKF_4221_P
781,CKF_4221_P_w
782,CKF_4221_E
783,CKF_4221_E_w
784,CKF_4221_R
785,CKF_4221_R_w
786,CKF_4221_S
787,CKF_4221_S_w
788,CKF_4222_P
789,CKF_4222_P_w
790,CKF_4222_E
791,CKF_4222_E_w
792,CKF_4222_R
793,CKF_4222_R_w
794,CKF_4222_S
795,CKF_4222_S_w
796,CKF_4223_P
797,CKF_4223_P_w
798,CKF_4223_E
799,CKF_4223_E_w
800,CKF_4223_R
801,CKF_4223_R_w
802,CKF_4223_S
803,CKF_4223_S_w
804,CKF_4231_P
805,CKF_4231_P_w
806,CKF_4231_E
807,CKF_4231_E_w
808,CKF_4231_R
809,CKF_4231_R_w
810,CKF_4231_S
811,CKF_4231_S_w
812,CKF_4232_P
813,CKF_4232_P_w
814,CKF_4232_E
815,CKF_4232_E_w
816,CKF_4232_R
817,CKF_4232_R_w
818,CKF_4232_S
819,CKF_4232_S_w
820,CKF_4233_P
821,CKF_4233_P_w
822,CKF_4233_E
823,CKF_4233_E_w
824,CKF_4233_R
825,CKF_4233_R_w
826,CKF_4233_S
827,CKF_4233_S_w
828,CKF_4311_P
829,CKF_4311_P_w
830,CKF_4311_E
831,CKF_4311_E_w
832,CKF_4311_R
833,CKF_4311_R_w
834,CKF_4311_S
835,CKF_4311_S_w
836,CKF_4312_P
837,CKF_4312_P_w
838,CKF_4312_E
839,CKF_4312_E_w
840,CKF_4312_R
841,CKF_4312_R_w
842,CKF_4312_S
843,CKF_4312_S_w
844,CKF_4313_P
845,CKF_4313_P_w
846,CKF_4313_E
847,CKF_4313_E_w
848,CKF_4313_R
849,CKF_4313_R_w
850,CKF_4313_S
851,CKF_4313_S_w
852,CKF_4321_P
853,CKF_4321_P_w
854,CKF_4321_E
855,CKF_4321_E_w
856,CKF_4321_R
857,CKF_4321_R_w
858,CKF_4321_S
859,CKF_4321_S_w
860,CKF_4322_P
861,CKF_4322_P_w
862,CKF_4322_E
863,CKF_4322_E_w
864,CKF_4322_R
865,CKF_4322_R_w
866,CKF_4322_S
867,CKF_4322_S_w
868,CKF_4323_P
869,CKF_4323_P_w
870,CKF_4323_E
871,CKF_4323_E_w
872,CKF_4323_R
873,CKF_4323_R_w
874,CKF_4323_S
875,CKF_4323_S_w
876,CKF_4331_P
877,CKF_4331_P_w
878,CKF_4331_E
879,CKF_4331_E_w
880,CKF_4331_R
881,CKF_4331_R_w
882,CKF_4331_S
883,CKF_4331_S_w
884,CKF_4332_P
885,CKF_4332_P_w
886,CKF_4332_E
887,CKF_4332_E_w
888,CKF_4332_R
889,CKF_4332_R_w
890,CKF_4332_S
891,CKF_4332_S_w
892,CKF_4333_P
893,CKF_4333_P_w
894,CKF_4333_E
895,CKF_4333_E_w
896,CKF_4333_R
897,CKF_4333_R_w
898,CKF_4333_S
899,CKF_4333_S_w
900,CKF_5111_P
901,CKF_5111_P_w
902,CKF_5111_E
903,CKF_5111_E_w
904,CKF_5111_R
905,CKF_5111_R_w
906,CKF_5111_S
907,CKF_5111_S_w
908,CKF_5112_P
909,CKF_5112_P_w
910,CKF_5112_E
911,CKF_5112_E_w
912,CKF_5112_R
913,CKF_5112_R_w
914,CKF_5112_S
915,CKF_5112_S_w
916,CKF_5113_P
917,CKF_5113_P_w
918,CKF_5113_E
919,CKF_5113_E_w
920,CKF_5113_R
921,CKF_5113_R_w
922,CKF_5113_S
923,CKF_5113_S_w
924,CKF_5121_P
925,CKF_5121_P_w
926,CKF_5121_E
927,CKF_5121_E_w
928,CKF_5121_R
929,CKF_5121_R_w
930,CKF_5121_S
931,CKF_5121_S_w
932,CKF_5122_P
933,CKF_5122_P_w
934,CKF_5122_E
935,CKF_5122_E_w
936,CKF_5122_R
937,CKF_5122_R_w
938,CKF_5122_S
939,CKF_5122_S_w
940,CKF_5123_P
941,CKF_5123_P_w
942,CKF_5123_E
943,CKF_5123_E_w
944,CKF_5123_R
945,CKF_5123_R_w
946,CKF_5123_S
947,CKF_5123_S_w
948,CKF_5131_P
949,CKF_5131_P_w
950,CKF_5131_E
951,CKF_5131_E_w
952,CKF_5131_R
953,CKF_5131_R_w
954,CKF_5131_S
955,CKF_5131_S_w
956,CKF_5132_P
957,CKF_5132_P_w
958,CKF_5132_E
959,CKF_5132_E_w
960,CKF_5132_R
961,CKF_5132_R_w
962,CKF_5132_S
963,CKF_5132_S_w
964,CKF_5133_P
965,CKF_5133_P_w
966,CKF_5133_E
967,CKF_5133_E_w
968,CKF_5133_R
969,CKF_5133_R_w
970,CKF_5133_S
971,CKF_5133_S_w
972,CKF_5211_P
973,CKF_5211_P_w
974,CKF_5211_E
975,CKF_5211_E_w
976,CKF_5211_R
977,CKF_5211_R_w
978,CKF_5211_S
979,CKF_5211_S_w
980,CKF_5212_P
981,CKF_5212_P_w
982,CKF_5212_E
983,CKF_5212_E_w
984,CKF_5212_R
985,CKF_5212_R_w
986,CKF_5212_S
987,CKF_5212_S_w
988,CKF_5213_P
989,CKF_5213_P_w
990,CKF_5213_E
991,CKF_5213_E_w
992,CKF_5213_R
993,CKF_5213_R_w
994,CKF_5213_S
995,CKF_5213_S_w
996,CKF_5221_P
997,CKF_5221_P_w
998,CKF_5221_E
999,CKF_5221_E_w
1000,CKF_5221_R
1001,CKF_5221_R_w
1002,CKF_5221_S
1003,CKF_5221_S_w
1004,CKF_5222_P
1005,CKF_5222_P_w
1006,CKF_5222_E
1007,CKF_5222_E_w
1008,CKF_5222_R
1009,CKF_5222_R_w
1010,CKF_5222_S
1011,CKF_5222_S_w
1012,CKF_5223_P
1013,CKF_5223_P_w
1014,CKF_5223_E
1015,CKF_5223_E_w
1016,CKF_5223_R
1017,CKF_5223_R_w
1018,CKF_5223_S
1019,CKF_5223_S_w
1020,CKF_5231_P
1021,CKF_5231_P_w
1022,CKF_5231_E
1023,CKF_5231_E_w
1024,CKF_5231_R
1025,CKF_5231_R_w
1026,CKF_5231_S
1027,CKF_5231_S_w
1028,CKF_5232_P
1029,CKF_5232_P_w
1030,CKF_5232_E
1031,CKF_5232_E_w
1032,CKF_5232_R
1033,CKF_5232_R_w
1034,CKF_5232_S
1035,CKF_5232_S_w
1036,CKF_5233_P
1037,CKF_5233_P_w
1038,CKF_5233_E
1039,CKF_5233_E_w
1040,CKF_5233_R
1041,CKF_5233_R_w
1042,CKF_5233_S
1043,CKF_5233_S_w
1044,CKF_5311_P
1045,CKF_5311_P_w
1046,CKF_5311_E
1047,CKF_5311_E_w
1048,CKF_5311_R
1049,CKF_5311_R_w
1050,CKF_5311_S
1051,CKF_5311_S_w
1052,CKF_5312_P
1053,CKF_5312_P_w
1054,CKF_5312_E
1055,CKF_5312_E_w
1056,CKF_5312_R
1057,CKF_5312_R_w
1058,CKF_5312_S
1059,CKF_5312_S_w
1060,CKF_5313_P
1061,CKF_5313_P_w
1062,CKF_5313_E
1063,CKF_5313_E_w
1064,CKF_5313_R
1065,CKF_5313_R_w
1066,CKF_5313_S
1067,CKF_5313_S_w
1068,CKF_5321_P
1069,CKF_5321_P_w
1070,CKF_5321_E
1071,CKF_5321_E_w
1072,CKF_5321_R
1073,CKF_5321_R_w
1074,CKF_5321_S
1075,CKF_5321_S_w
1076,CKF_5322_P
1077,CKF_5322_P_w
1078,CKF_5322_E
1079,CKF_5322_E_w
1080,CKF_5322_R
1081,CKF_5322_R_w
1082,CKF_5322_S
1083,CKF_5322_S_w
1084,CKF_5323_P
1085,CKF_5323_P_w
1086,CKF_5323_E
1087,CKF_5323_E_w
1088,CKF_5323_R
1089,CKF_5323_R_w
1090,CKF_5323_S
1091,CKF_5323_S_w
1092,CKF_5331_P
1093,CKF_5331_P_w
1094,CKF_5331_E
1095,CKF_5331_E_w
1096,CKF_5331_R
1097,CKF_5331_R_w
1098,CKF_5331_S
1099,CKF_5331_S_w
1100,CKF_5332_P
1101,CKF_5332_P_w
1102,CKF_5332_E
1103,CKF_5332_E_w
1104,CKF_5332_R
1105,CKF_5332_R_w
1106,CKF_5332_S
1107,CKF_5332_S_w
1108,CKF_5333_P
1109,CKF_5333_P_w
1110,CKF_5333_E
1111,CKF_5333_E_w
1112,CKF_5333_R
1113,CKF_5333_R_w
1114,CKF_5333_S
1115,CKF_5333_S_w
